name,nodes,query_percent,workload,trial,regime,engine,peak_process_rss_bytes,setup_ns,workload_wall_ns,base_operations_total_ns,cut_count,cut_total_ns,cut_p50_ns,cut_p95_ns,cut_p99_ns,cut_max_ns,link_count,link_total_ns,link_p50_ns,link_p95_ns,link_p99_ns,link_max_ns,connected_count,connected_total_ns,connected_p50_ns,connected_p95_ns,connected_p99_ns,connected_max_ns,query_true_count,query_true_total_ns,query_true_p50_ns,query_true_p95_ns,query_true_p99_ns,query_true_max_ns,query_false_count,query_false_total_ns,query_false_p50_ns,query_false_p95_ns,query_false_p99_ns,query_false_max_ns,repeated_queries_count,repeated_queries_total_ns,repeated_queries_p50_ns,repeated_queries_p95_ns,repeated_queries_p99_ns,repeated_queries_max_ns,tree_cuts,scanned_vertices,candidate_edges,replacements
sustained-churn-path-v1-n100000-q99-warmed-p0-ett-scan,100000,99,sustained-churn-path-v1,0,warmed,ett-scan,82345984,149222791,5207792,4854500,20,2075959,44334,474000,607459,607459,,,,,,,1980,2778541,1083,3584,7959,15583,343,713867,1125,7959,10625,15583,1637,2064674,1042,2750,5292,8792,1980,263145,125,208,250,708,20,150262,0,0
sustained-churn-blocks-v1-n100000-q50-warmed-p1-ett-scan,100000,50,sustained-churn-blocks-v1,1,warmed,ett-scan,84148224,162902375,13203209,13014238,959,11860797,5625,25875,100834,1868167,41,70038,1583,3375,4417,4417,1000,1083403,1042,1667,2375,5208,23,41544,1417,3750,5208,5208,977,1041859,1042,1666,2167,3959,1000,121113,125,208,209,250,928,561273,58590,452
sustained-churn-path-v1-n100000-q99-fresh-p0-compact-bfs,100000,99,sustained-churn-path-v1,0,fresh,compact-bfs,17416192,19041333,239150250,120485718,20,10543,500,958,1042,1042,,,,,,,1980,120475175,46166,153208,219583,307084,343,16761670,33458,138917,245833,295584,1637,103713505,48292,154042,195917,307084,1980,118569702,44958,152542,218917,305625,,,,
sustained-churn-path-v1-n100000-q50-warmed-p1-petgraph-dfs,100000,50,sustained-churn-path-v1,1,warmed,petgraph-dfs,14499840,6545167,8895875,4697842,995,211467,167,375,916,4125,5,876,167,209,209,209,1000,4485499,2000,12542,51292,160000,14,318957,7417,160000,160000,160000,986,4166542,2000,11958,51292,115500,1000,4131633,1583,12208,53250,155917,,,,
sustained-churn-blocks-v1-n100000-q50-warmed-p1-compact-bfs,100000,50,sustained-churn-blocks-v1,1,warmed,compact-bfs,17580032,19437500,12601583,6507582,959,165748,166,292,459,666,41,10170,250,292,333,333,1000,6331664,3375,18334,70792,154209,23,662583,8666,139125,154209,154209,977,5669081,3375,17208,43625,93708,1000,6026089,3041,18167,68500,150125,,,,
sustained-churn-path-v1-n100000-q50-warmed-p1-compact-bfs,100000,50,sustained-churn-path-v1,1,warmed,compact-bfs,17465344,17993750,11688709,6085123,995,215073,208,375,541,1041,5,2000,333,750,750,750,1000,5868050,3083,14500,58792,159208,14,329584,10417,141833,141833,141833,986,5538466,3083,13709,58792,159208,1000,5540419,2667,14500,58500,163250,,,,
sustained-churn-path-v1-n100000-q99-fresh-p1-compact-bfs,100000,99,sustained-churn-path-v1,1,fresh,compact-bfs,17367040,18630333,236284708,119074372,20,9000,375,834,1042,1042,,,,,,,1980,119065372,45250,152125,218208,298625,343,16613837,31750,138333,262584,298625,1637,102451535,47333,153750,200458,298459,1980,117102775,44000,151333,212500,298209,,,,
sustained-churn-blocks-v1-n100000-q99-warmed-p0-compact-bfs,100000,99,sustained-churn-blocks-v1,0,warmed,compact-bfs,17580032,18684709,255608542,128283682,20,10377,459,833,1083,1083,,,,,,,1980,128273305,49875,164833,201958,214750,810,58420975,59959,172583,197583,205250,1170,69852330,44625,144042,203583,214750,1980,127223206,48625,164750,201542,225958,,,,
sustained-churn-blocks-v1-n100000-q50-fresh-p0-compact-bfs,100000,50,sustained-churn-blocks-v1,0,fresh,compact-bfs,17514496,19503375,12903833,6719767,959,196597,167,375,500,958,41,10664,250,292,417,417,1000,6512506,3417,19250,71375,162708,23,694209,8750,143375,162708,162708,977,5818297,3417,17667,46208,100875,1000,6115834,3042,18625,70042,161958,,,,
sustained-churn-path-v1-n100000-q50-warmed-p0-compact-bfs,100000,50,sustained-churn-path-v1,0,warmed,compact-bfs,17498112,17684667,11560917,5980409,995,192625,167,334,500,708,5,1707,333,458,458,458,1000,5786077,2958,14583,59083,159875,14,357792,10416,159125,159125,159125,986,5428285,2917,13917,59083,159875,1000,5513725,2666,14542,58375,163666,,,,
sustained-churn-path-v1-n100000-q99-warmed-p1-ett-scan,100000,99,sustained-churn-path-v1,1,warmed,ett-scan,82345984,145802875,4245750,3919669,20,1746874,41500,352375,533167,533167,,,,,,,1980,2172795,833,3083,6541,16125,343,580452,916,6333,9750,16125,1637,1592343,792,2166,4542,9583,1980,236623,125,167,208,292,20,150262,0,0
sustained-churn-path-v1-n100000-q50-warmed-p0-petgraph-dfs,100000,50,sustained-churn-path-v1,0,warmed,petgraph-dfs,14499840,6483125,8614500,4492267,995,156146,125,291,333,542,5,709,125,167,167,167,1000,4335412,1875,12250,54792,155917,14,307332,8833,155917,155917,155917,986,4028080,1875,11750,54792,112167,1000,4056419,1583,12208,50875,154416,,,,
sustained-churn-blocks-v1-n100000-q99-fresh-p1-petgraph-dfs,100000,99,sustained-churn-blocks-v1,1,fresh,petgraph-dfs,14778368,7391041,425709500,214123039,20,9416,500,666,666,666,,,,,,,1980,214113623,80833,282833,356208,385792,810,98168250,103250,308792,342541,358458,1170,115945373,73125,251250,360125,385792,1980,211484591,78500,285541,354500,383125,,,,
sustained-churn-path-v1-n100000-q99-fresh-p0-ett-scan,100000,99,sustained-churn-path-v1,0,fresh,ett-scan,58195968,146480375,4018125,3682861,20,1699165,40042,395708,487083,487083,,,,,,,1980,1983696,833,2042,4833,11417,343,471425,958,4125,7291,11417,1637,1512271,792,1750,3500,8666,1980,243791,125,167,209,292,20,150262,0,0
sustained-churn-path-v1-n100000-q50-warmed-p1-ett-scan,100000,50,sustained-churn-path-v1,1,warmed,ett-scan,82722816,145213333,6251833,6092474,995,5188570,3083,10958,46000,308875,5,9042,1750,2125,2125,2125,1000,894862,875,1375,1917,8459,14,25627,1000,8459,8459,8459,986,869235,834,1334,1916,2458,1000,96843,84,167,208,250,995,324865,0,0
sustained-churn-path-v1-n100000-q99-warmed-p1-compact-bfs,100000,99,sustained-churn-path-v1,1,warmed,compact-bfs,17465344,17595084,235587750,118569721,20,9080,416,1083,1166,1166,,,,,,,1980,118560641,45708,151209,210959,303417,343,16370221,31875,139208,242917,303417,1637,102190420,47583,151916,188500,292500,1980,116913494,44500,151375,210667,303917,,,,
sustained-churn-path-v1-n100000-q99-warmed-p0-petgraph-dfs,100000,99,sustained-churn-path-v1,0,warmed,petgraph-dfs,14499840,6704000,205318833,103705458,20,6416,250,500,917,917,,,,,,,1980,103699042,39333,125209,204167,235333,343,15472757,31083,119292,204292,219584,1637,88226285,39917,125416,203333,235333,1980,101523365,38583,121833,203375,244958,,,,
sustained-churn-blocks-v1-n100000-q99-warmed-p0-ett-scan,100000,99,sustained-churn-blocks-v1,0,warmed,ett-scan,83918848,150813417,3990792,3645133,20,2114959,61625,281750,324834,324834,,,,,,,1980,1530174,750,1250,1583,2042,810,700634,833,1458,1667,2042,1170,829540,708,1042,1167,1375,1980,260582,125,167,209,250,19,177107,18319,9
sustained-churn-blocks-v1-n100000-q50-fresh-p1-compact-bfs,100000,50,sustained-churn-blocks-v1,1,fresh,compact-bfs,17498112,20430667,12938500,6788858,959,205730,167,375,791,1875,41,11168,291,292,333,333,1000,6571960,3500,19000,72208,192167,23,756750,8625,157959,192167,192167,977,5815210,3500,16708,42916,104125,1000,6083670,3083,18166,69125,164417,,,,
sustained-churn-path-v1-n100000-q99-fresh-p1-petgraph-dfs,100000,99,sustained-churn-path-v1,1,fresh,petgraph-dfs,14434304,6655709,205824583,104117655,20,7667,334,625,917,917,,,,,,,1980,104109988,39875,123792,207834,257375,343,15591408,31584,120916,200500,222083,1637,88518580,40583,124083,207834,257375,1980,101612450,38416,122667,207209,257542,,,,
sustained-churn-blocks-v1-n100000-q99-warmed-p1-petgraph-dfs,100000,99,sustained-churn-blocks-v1,1,warmed,petgraph-dfs,14811136,8707583,426010417,214019706,20,9789,458,750,1125,1125,,,,,,,1980,214009917,80417,285750,356542,797000,810,99428078,101417,310667,358250,797000,1170,114581839,73042,248375,356208,373792,1980,211900758,79083,289958,355250,736292,,,,
sustained-churn-path-v1-n100000-q99-fresh-p1-ett-scan,100000,99,sustained-churn-path-v1,1,fresh,ett-scan,58228736,146286708,3977625,3636620,20,1531542,43458,285667,369292,369292,,,,,,,1980,2105078,1041,1625,2125,4584,343,404662,1083,1917,2542,4584,1637,1700416,1000,1500,2000,3917,1980,245199,125,167,208,250,20,150262,0,0
sustained-churn-blocks-v1-n100000-q99-fresh-p0-compact-bfs,100000,99,sustained-churn-blocks-v1,0,fresh,compact-bfs,17530880,19670792,255469666,128255237,20,11164,500,875,1083,1083,,,,,,,1980,128244073,49334,165333,201667,216167,810,58390465,59709,174625,191292,207125,1170,69853608,44917,144042,203167,216167,1980,127102727,48792,164250,201292,220542,,,,
sustained-churn-path-v1-n100000-q99-fresh-p0-petgraph-dfs,100000,99,sustained-churn-path-v1,0,fresh,petgraph-dfs,14401536,6942042,204716750,103399282,20,5834,250,500,667,667,,,,,,,1980,103393448,39250,121959,208416,244375,343,15591166,31000,116500,210291,223750,1637,87802282,40208,122375,207625,244375,1980,101225956,38166,120875,208958,246292,,,,
sustained-churn-blocks-v1-n100000-q50-fresh-p1-ett-scan,100000,50,sustained-churn-blocks-v1,1,fresh,ett-scan,60096512,153267125,10660125,10470867,959,9531670,5042,25000,97125,678208,41,59707,1375,2791,3209,3209,1000,879490,875,1292,1542,2375,23,27625,1125,1875,2000,2000,977,851865,875,1250,1500,2375,1000,126367,125,167,209,250,928,561273,58590,452
sustained-churn-blocks-v1-n100000-q50-warmed-p1-petgraph-dfs,100000,50,sustained-churn-blocks-v1,1,warmed,petgraph-dfs,14778368,6867417,16406417,8363300,959,148411,125,291,541,583,41,4960,125,167,167,167,1000,8209929,3291,25791,108417,269167,23,1069416,11292,262792,269167,269167,977,7140513,3208,24667,73125,181833,1000,7979485,2958,25208,113875,267667,,,,
sustained-churn-blocks-v1-n100000-q99-warmed-p1-ett-scan,100000,99,sustained-churn-blocks-v1,1,warmed,ett-scan,83918848,151025292,4185541,3843208,20,2264750,64833,300792,353000,353000,,,,,,,1980,1578458,791,1208,1500,2542,810,696204,834,1292,1584,2542,1170,882254,750,1084,1375,2000,1980,254426,125,167,209,250,19,177107,18319,9
sustained-churn-blocks-v1-n100000-q99-fresh-p1-ett-scan,100000,99,sustained-churn-blocks-v1,1,fresh,ett-scan,59785216,152023083,4276083,3943792,20,2242666,67791,319250,334542,334542,,,,,,,1980,1701126,833,1333,1708,7125,810,746751,875,1500,1792,1959,1170,954375,792,1208,1417,7125,1980,242382,125,167,209,1291,19,177107,18319,9
sustained-churn-path-v1-n100000-q50-fresh-p0-compact-bfs,100000,50,sustained-churn-path-v1,0,fresh,compact-bfs,17416192,18595542,11607166,6013697,995,223044,208,417,584,791,5,1751,292,542,542,542,1000,5788902,2917,15625,66167,161708,14,300874,10500,110750,110750,110750,986,5488028,2917,14542,66167,161708,1000,5525493,2625,14834,63042,153542,,,,
sustained-churn-blocks-v1-n100000-q50-fresh-p1-petgraph-dfs,100000,50,sustained-churn-blocks-v1,1,fresh,petgraph-dfs,14761984,7492458,16742125,8646232,959,192565,167,375,584,1083,41,5248,125,167,209,209,1000,8448419,3375,27125,114084,273208,23,1093709,11542,259417,273208,273208,977,7354710,3333,25875,71292,182125,1000,8030003,3000,25917,124916,272500,,,,
sustained-churn-blocks-v1-n100000-q50-warmed-p0-petgraph-dfs,100000,50,sustained-churn-blocks-v1,0,warmed,petgraph-dfs,14778368,6881375,16387042,8370717,959,149052,125,291,375,1000,41,4958,125,167,167,167,1000,8216707,3250,26875,107125,282667,23,1109000,11500,264459,282667,282667,977,7107707,3209,25833,70667,168291,1000,7949622,3000,26041,108416,268500,,,,
sustained-churn-blocks-v1-n100000-q99-fresh-p1-compact-bfs,100000,99,sustained-churn-blocks-v1,1,fresh,compact-bfs,17530880,19431542,255667250,128315056,20,10335,459,1041,1042,1042,,,,,,,1980,128304721,48875,165792,204167,225375,810,58641681,59542,175542,196459,211709,1170,69663040,44458,145667,204834,225375,1980,127247781,48625,165500,203333,217583,,,,
sustained-churn-blocks-v1-n100000-q50-fresh-p0-petgraph-dfs,100000,50,sustained-churn-blocks-v1,0,fresh,petgraph-dfs,14761984,7521625,16584417,8561968,959,201761,208,375,500,958,41,5249,125,167,167,167,1000,8354958,3417,26625,107208,248709,23,1032249,12375,241541,248709,248709,977,7322709,3375,25708,72708,181500,1000,7958835,3000,25916,113500,271167,,,,
sustained-churn-blocks-v1-n100000-q99-fresh-p0-ett-scan,100000,99,sustained-churn-blocks-v1,0,fresh,ett-scan,59785216,152458792,3930291,3607023,20,2116168,60250,297375,332042,332042,,,,,,,1980,1490855,750,1125,1416,2291,810,669196,833,1250,1500,2291,1170,821659,708,1000,1167,1416,1980,240134,125,167,208,250,19,177107,18319,9
sustained-churn-blocks-v1-n100000-q99-warmed-p1-compact-bfs,100000,99,sustained-churn-blocks-v1,1,warmed,compact-bfs,17629184,19333125,256681167,128875107,20,9751,416,875,1250,1250,,,,,,,1980,128865356,49041,165334,203625,232584,810,58707937,60250,174791,198625,216000,1170,70157419,44583,145042,204083,232584,1980,127715669,49125,165208,202625,259000,,,,
sustained-churn-path-v1-n100000-q50-fresh-p0-ett-scan,100000,50,sustained-churn-path-v1,0,fresh,ett-scan,58621952,145714375,6874459,6709920,995,5752255,3125,13667,53416,377250,5,8708,1792,2125,2125,2125,1000,948957,875,1708,2334,10791,14,32248,1541,10791,10791,10791,986,916709,834,1708,2292,2917,1000,102632,84,167,208,250,995,324865,0,0
sustained-churn-path-v1-n100000-q99-warmed-p0-compact-bfs,100000,99,sustained-churn-path-v1,0,warmed,compact-bfs,17481728,17647250,238158959,119902317,20,9001,416,792,916,916,,,,,,,1980,119893316,46416,153417,217625,307292,343,16649127,32500,139875,254167,296583,1637,103244189,48375,154334,194000,307292,1980,118167889,44833,152458,219084,306208,,,,
sustained-churn-blocks-v1-n100000-q99-fresh-p0-petgraph-dfs,100000,99,sustained-churn-blocks-v1,0,fresh,petgraph-dfs,14778368,7446167,423174958,212548654,20,7875,334,791,792,792,,,,,,,1980,212540779,81666,280666,355250,373458,810,97662506,101667,308250,342667,362792,1170,114878273,72917,246834,356875,373458,1980,210530731,78333,286375,353500,367791,,,,
sustained-churn-path-v1-n100000-q50-warmed-p0-ett-scan,100000,50,sustained-churn-path-v1,0,warmed,ett-scan,82722816,145672208,7033625,6859370,995,5815789,3375,12375,41500,395666,5,10917,2084,3000,3000,3000,1000,1032664,958,1667,2583,11333,14,35083,1292,11333,11333,11333,986,997581,958,1667,2458,5750,1000,109247,125,167,208,292,995,324865,0,0
sustained-churn-path-v1-n100000-q99-warmed-p1-petgraph-dfs,100000,99,sustained-churn-path-v1,1,warmed,petgraph-dfs,14499840,6554834,205443250,104000380,20,7041,292,625,750,750,,,,,,,1980,103993339,39583,124333,205292,223667,343,15656840,31042,122750,204625,223667,1637,88336499,40209,124333,205292,220416,1980,101351987,38500,121708,203625,242417,,,,
sustained-churn-path-v1-n100000-q50-fresh-p1-compact-bfs,100000,50,sustained-churn-path-v1,1,fresh,compact-bfs,17448960,18605709,11591958,6047601,995,231059,208,417,1292,2958,5,1709,375,417,417,417,1000,5814833,3000,14791,60666,163083,14,311417,10458,119500,119500,119500,986,5503416,2959,13959,60666,163083,1000,5480014,2625,14625,58084,153000,,,,
sustained-churn-path-v1-n100000-q50-fresh-p1-ett-scan,100000,50,sustained-churn-path-v1,1,fresh,ett-scan,58605568,165529458,14186292,13768060,995,11481486,5792,24208,115625,700833,5,21083,4542,4709,4709,4709,1000,2265491,1708,4209,12625,75125,14,60792,1916,21125,21125,21125,986,2204699,1708,4208,9792,75125,1000,300027,125,208,959,90750,995,324865,0,0
sustained-churn-blocks-v1-n100000-q50-fresh-p0-ett-scan,100000,50,sustained-churn-blocks-v1,0,fresh,ett-scan,60145664,212245875,13771959,13572363,959,12095507,5917,35209,153375,879291,41,72503,1541,4125,5792,5792,1000,1404353,1125,2584,6833,26333,23,43789,1500,4125,5875,5875,977,1360564,1125,2583,6875,26333,1000,129247,125,208,291,2917,928,561273,58590,452
sustained-churn-blocks-v1-n100000-q50-warmed-p0-compact-bfs,100000,50,sustained-churn-blocks-v1,0,warmed,compact-bfs,20037632,19687417,13811667,7363092,959,277583,291,500,625,2833,41,15291,375,500,666,666,1000,7070218,4000,20166,75291,171750,23,721795,8959,153042,171750,171750,977,6348423,3958,18375,44458,102834,1000,6378270,3208,18875,73083,167458,,,,
sustained-churn-blocks-v1-n100000-q50-warmed-p0-ett-scan,100000,50,sustained-churn-blocks-v1,0,warmed,ett-scan,84164608,152310792,10758916,10568799,959,9493758,5334,23166,95125,666708,41,62833,1583,3125,3250,3250,1000,1012208,958,1625,2000,10750,23,27376,1125,2000,2000,2000,977,984832,958,1625,2000,10750,1000,125401,125,167,208,250,928,561273,58590,452
sustained-churn-path-v1-n100000-q50-fresh-p0-petgraph-dfs,100000,50,sustained-churn-path-v1,0,fresh,petgraph-dfs,14450688,7013000,8803583,4662628,995,213678,208,375,459,1166,5,624,125,166,166,166,1000,4448326,2000,11959,51834,178292,14,338960,8375,178292,178292,178292,986,4109366,2000,11666,51834,119750,1000,4075782,1583,12250,50750,155709,,,,
sustained-churn-path-v1-n100000-q50-fresh-p1-petgraph-dfs,100000,50,sustained-churn-path-v1,1,fresh,petgraph-dfs,14434304,7020833,8769708,4622092,995,193836,166,375,1083,2958,5,750,125,208,208,208,1000,4427506,1875,12375,58334,155375,14,322751,8000,155375,155375,155375,986,4104755,1834,11583,58334,121166,1000,4082106,1542,12458,50459,156333,,,,
sustained-churn-blocks-v1-n100000-q99-warmed-p0-petgraph-dfs,100000,99,sustained-churn-blocks-v1,0,warmed,petgraph-dfs,14794752,7151667,423013208,212491082,20,7502,334,708,709,709,,,,,,,1980,212483580,81000,280958,352000,383042,810,97841258,102208,307541,340208,355125,1170,114642322,72959,247875,356667,383042,1980,210435151,79000,283250,353500,377000,,,,
