regime,nodes,workload,engine,repetition_summaries,cut_p50_ns_median,cut_p95_ns_median,cut_p99_ns_median,link_p50_ns_median,link_p95_ns_median,link_p99_ns_median,connected_p50_ns_median,connected_p95_ns_median,connected_p99_ns_median,base_operations_total_ns_median,base_operations_total_ns_min,base_operations_total_ns_max,setup_ns_median,setup_ns_min,setup_ns_max
fresh,128,chain-split-rejoin-v1,knotrel-core/compact-bfs-v1,9,41,42,84,42,83,84,708,792,1000,132044,118832,153872,16292,12583,32375
fresh,128,chain-split-rejoin-v1,knotrel-core/reference-bfs,9,42,83,84,42,42,83,3875,3958,4000,595529,550002,749906,12416,10333,26209
fresh,128,chain-split-rejoin-v1,petgraph-0.8.3/dfs,9,41,42,42,41,42,42,375,375,417,66703,63121,73368,6583,5041,13541
fresh,128,components-join-split-v1,knotrel-core/compact-bfs-v1,9,42,42,83,42,84,84,459,750,833,112956,106379,139876,17833,11459,29792
fresh,128,components-join-split-v1,knotrel-core/reference-bfs,9,42,84,84,42,84,84,1833,7125,8584,712797,608711,794044,13083,11417,32625
fresh,128,components-join-split-v1,petgraph-0.8.3/dfs,9,42,42,42,42,42,83,292,542,584,85332,75164,109420,6750,4292,12500
fresh,128,cycle-alternatives-v1,knotrel-core/compact-bfs-v1,9,42,42,84,42,84,125,500,625,708,196494,173323,227372,17583,11125,30667
fresh,128,cycle-alternatives-v1,knotrel-core/reference-bfs,9,42,84,84,42,84,84,2458,8750,10375,1421952,1310343,1529799,13834,12458,28750
fresh,128,cycle-alternatives-v1,petgraph-0.8.3/dfs,9,42,83,84,42,83,84,375,417,459,131045,108710,184108,7333,6583,15500
fresh,128,hub-alternatives-v1,knotrel-core/compact-bfs-v1,9,42,83,84,42,84,84,500,625,709,317828,300959,351377,23917,17417,33000
fresh,128,hub-alternatives-v1,knotrel-core/reference-bfs,9,42,125,167,42,84,125,4041,5791,7334,2330079,2258541,3287279,19916,14875,32667
fresh,128,hub-alternatives-v1,petgraph-0.8.3/dfs,9,42,166,208,41,42,83,708,1125,1250,445615,430027,529265,24750,20208,32417
fresh,1024,chain-split-rejoin-v1,knotrel-core/compact-bfs-v1,9,83,125,167,125,167,208,4500,5500,5750,797496,639878,916324,153500,135625,178958
fresh,1024,chain-split-rejoin-v1,knotrel-core/reference-bfs,9,83,125,167,83,125,125,42458,46000,62334,6437828,6194802,6959209,116250,100958,140000
fresh,1024,chain-split-rejoin-v1,petgraph-0.8.3/dfs,9,42,83,83,42,83,84,3000,3125,3500,472746,446290,490087,54125,43292,72750
fresh,1024,components-join-split-v1,knotrel-core/compact-bfs-v1,9,42,84,125,84,167,167,2875,4792,5416,648545,595384,693751,151000,122709,190917
fresh,1024,components-join-split-v1,knotrel-core/reference-bfs,9,83,125,167,83,125,167,25666,86208,94875,8322042,7843692,9097863,118666,100375,131625
fresh,1024,components-join-split-v1,petgraph-0.8.3/dfs,9,42,84,84,42,84,84,2125,3958,4166,589451,521915,781210,56541,45041,89750
fresh,1024,cycle-alternatives-v1,knotrel-core/compact-bfs-v1,9,42,84,84,83,125,125,2708,3041,3584,894449,862887,1027901,150416,120166,174250
fresh,1024,cycle-alternatives-v1,knotrel-core/reference-bfs,9,83,125,167,83,125,166,33416,90959,97917,15287610,14768627,16119455,114667,105334,130542
fresh,1024,cycle-alternatives-v1,petgraph-0.8.3/dfs,9,42,83,84,42,83,84,1792,2167,2291,575653,543382,649627,52666,43917,67667
fresh,1024,hub-alternatives-v1,knotrel-core/compact-bfs-v1,9,42,125,167,125,167,209,2250,3375,3500,1399069,1296908,1456377,202208,186125,241250
fresh,1024,hub-alternatives-v1,knotrel-core/reference-bfs,9,83,166,167,84,125,167,38333,64875,72125,23556628,21873683,24683382,182417,169875,223125
fresh,1024,hub-alternatives-v1,petgraph-0.8.3/dfs,9,83,1333,1500,42,83,84,5500,8417,9375,3385091,3164920,3839909,909042,881709,1004375
fresh,4096,chain-split-rejoin-v1,knotrel-core/compact-bfs-v1,9,84,125,208,125,208,209,15042,17167,18334,2413994,2346677,2651047,612542,589042,673584
fresh,4096,chain-split-rejoin-v1,knotrel-core/reference-bfs,9,125,208,417,84,167,208,278333,321083,368209,42093789,39643770,45544126,484500,433000,544000
fresh,4096,chain-split-rejoin-v1,petgraph-0.8.3/dfs,9,84,167,250,42,84,125,12542,15542,16209,2097289,1958242,2209328,224500,210333,259750
fresh,4096,components-join-split-v1,knotrel-core/compact-bfs-v1,9,84,125,208,208,334,416,11209,19375,22292,2388324,2183912,2561963,680291,618041,779167
fresh,4096,components-join-split-v1,knotrel-core/reference-bfs,9,125,208,375,166,250,333,140875,387417,411791,39632958,36479166,42631799,477083,430916,840084
fresh,4096,components-join-split-v1,petgraph-0.8.3/dfs,9,84,125,167,125,209,250,9084,14875,15791,2107006,1942586,2935501,242458,220250,276084
fresh,4096,cycle-alternatives-v1,knotrel-core/compact-bfs-v1,9,83,125,167,125,167,208,11041,11916,13708,3458422,3198410,3596610,642375,589875,672084
fresh,4096,cycle-alternatives-v1,knotrel-core/reference-bfs,9,125,167,292,84,167,209,172333,367750,386709,69351900,65624420,77618073,472334,433958,876166
fresh,4096,cycle-alternatives-v1,petgraph-0.8.3/dfs,9,83,84,125,42,84,84,7333,8041,8291,2274067,2212300,2291407,236375,219542,258792
fresh,4096,hub-alternatives-v1,knotrel-core/compact-bfs-v1,9,83,417,500,166,500,541,7417,12500,14333,4743560,4513777,4809822,936542,888834,990709
fresh,4096,hub-alternatives-v1,knotrel-core/reference-bfs,9,125,250,458,125,208,291,211708,427875,474750,139750802,131331545,147567641,787000,712083,877666
fresh,4096,hub-alternatives-v1,petgraph-0.8.3/dfs,9,84,6083,7083,42,84,125,20875,32625,34459,13112932,12670580,13528498,13887000,13576500,14385375
warmed,128,chain-split-rejoin-v1,knotrel-core/compact-bfs-v1,9,41,42,42,42,42,42,666,750,750,120707,116919,128214,12083,9541,17292
warmed,128,chain-split-rejoin-v1,knotrel-core/reference-bfs,9,42,42,42,42,42,83,3667,3958,4000,578580,548076,599387,10792,8125,13042
warmed,128,chain-split-rejoin-v1,petgraph-0.8.3/dfs,9,41,42,42,41,42,42,375,458,500,67249,63088,75181,5667,3375,8417
warmed,128,components-join-split-v1,knotrel-core/compact-bfs-v1,9,41,42,42,42,84,84,500,708,792,110837,105239,118296,12375,10291,21250
warmed,128,components-join-split-v1,knotrel-core/reference-bfs,9,42,83,84,42,83,84,1709,6084,6500,622299,594078,749255,11833,10125,13625
warmed,128,components-join-split-v1,petgraph-0.8.3/dfs,9,41,42,42,41,42,42,250,500,583,75796,75039,76921,5250,3417,6791
warmed,128,cycle-alternatives-v1,knotrel-core/compact-bfs-v1,9,42,42,83,42,84,84,500,625,666,184875,168677,213504,13792,10042,20583
warmed,128,cycle-alternatives-v1,knotrel-core/reference-bfs,9,42,84,84,42,84,84,2375,8083,8750,1323128,1189461,1531279,12958,11833,14417
warmed,128,cycle-alternatives-v1,petgraph-0.8.3/dfs,9,42,42,83,41,42,42,333,375,417,118040,103577,143958,5916,3833,7833
warmed,128,hub-alternatives-v1,knotrel-core/compact-bfs-v1,9,42,83,84,42,84,84,500,667,708,329199,320710,335990,20084,16250,25625
warmed,128,hub-alternatives-v1,knotrel-core/reference-bfs,9,42,125,167,42,84,125,4334,6250,7125,2505948,2460890,2756242,19750,13208,23459
warmed,128,hub-alternatives-v1,petgraph-0.8.3/dfs,9,42,167,209,41,42,84,750,1208,1334,505414,462165,799874,26708,21167,44167
warmed,1024,chain-split-rejoin-v1,knotrel-core/compact-bfs-v1,9,42,84,84,83,125,125,4500,4834,5333,736746,657957,892667,141458,110792,159209
warmed,1024,chain-split-rejoin-v1,knotrel-core/reference-bfs,9,83,125,167,83,125,125,42833,44709,56583,6543294,5895367,7100450,114792,100125,119083
warmed,1024,chain-split-rejoin-v1,petgraph-0.8.3/dfs,9,42,42,84,42,42,83,3041,3166,3583,473624,434913,501701,46916,35709,57708
warmed,1024,components-join-split-v1,knotrel-core/compact-bfs-v1,9,42,84,84,83,125,125,2792,4542,5291,627068,588463,766768,137916,106542,170500
warmed,1024,components-join-split-v1,knotrel-core/reference-bfs,9,83,125,167,84,125,167,24333,87250,93375,8324960,8098532,8760960,116125,104583,129875
warmed,1024,components-join-split-v1,petgraph-0.8.3/dfs,9,42,42,83,42,42,83,2542,3958,4541,568167,507243,687748,47916,37292,54666
warmed,1024,cycle-alternatives-v1,knotrel-core/compact-bfs-v1,9,42,84,84,83,125,125,2708,3125,3458,885372,855135,1006415,140250,107250,180125
warmed,1024,cycle-alternatives-v1,knotrel-core/reference-bfs,9,83,125,125,83,125,125,32375,88875,96167,15068094,14769383,15857881,108500,105125,125250
warmed,1024,cycle-alternatives-v1,petgraph-0.8.3/dfs,9,42,83,84,42,83,84,1750,2042,2250,570205,517216,625944,46417,37959,63208
warmed,1024,hub-alternatives-v1,knotrel-core/compact-bfs-v1,9,42,166,167,125,208,209,2250,3458,3625,1396672,1362946,1431277,214583,181041,225750
warmed,1024,hub-alternatives-v1,knotrel-core/reference-bfs,9,83,166,209,84,125,167,38542,65458,75750,23709944,22068087,25206813,175833,171208,249000
warmed,1024,hub-alternatives-v1,petgraph-0.8.3/dfs,9,83,1375,1542,42,84,84,5625,8791,10000,3454005,3377285,3592603,969083,890291,994458
warmed,4096,chain-split-rejoin-v1,knotrel-core/compact-bfs-v1,9,84,125,208,125,167,209,17875,20209,21000,2911371,2348372,3529791,602875,593750,731333
warmed,4096,chain-split-rejoin-v1,knotrel-core/reference-bfs,9,84,208,334,84,166,167,278334,313834,366875,41703803,39360219,47467839,455417,423292,576000
warmed,4096,chain-split-rejoin-v1,petgraph-0.8.3/dfs,9,83,125,125,42,84,84,12458,15416,16750,2101212,1952097,2272511,225084,220458,249334
warmed,4096,components-join-split-v1,knotrel-core/compact-bfs-v1,9,84,125,167,167,250,292,11083,18500,20583,2283837,2124614,2429171,658209,584375,681458
warmed,4096,components-join-split-v1,knotrel-core/reference-bfs,9,125,167,292,125,250,291,128084,374834,401792,37658008,36964699,41507463,465917,433666,487208
warmed,4096,components-join-split-v1,petgraph-0.8.3/dfs,9,84,125,125,83,125,167,8791,15000,16083,2111087,1966680,2197700,229792,220083,249291
warmed,4096,cycle-alternatives-v1,knotrel-core/compact-bfs-v1,9,83,125,208,125,167,250,11125,12166,12750,3504424,3211594,3655645,646542,593000,678084
warmed,4096,cycle-alternatives-v1,knotrel-core/reference-bfs,9,125,209,417,125,167,250,177125,374125,394750,70905334,66019562,150164102,469500,436083,500750
warmed,4096,cycle-alternatives-v1,petgraph-0.8.3/dfs,9,42,125,125,42,84,84,7416,8291,8791,2266583,2171780,2875476,234375,211250,245416
warmed,4096,hub-alternatives-v1,knotrel-core/compact-bfs-v1,9,83,417,500,166,459,542,7416,12459,13625,4730926,4495124,4774553,910917,832750,971416
warmed,4096,hub-alternatives-v1,knotrel-core/reference-bfs,9,125,209,375,125,208,250,210209,422708,461000,139852087,135757789,157280662,774042,761000,811167
warmed,4096,hub-alternatives-v1,petgraph-0.8.3/dfs,9,125,6167,7042,83,125,125,21083,32708,34750,13151421,12997487,13943916,13759875,13535416,14201542
