regime,nodes,workload,engine,repetition_summaries,cut_p50_ns_median,cut_p95_ns_median,cut_p99_ns_median,link_p50_ns_median,link_p95_ns_median,link_p99_ns_median,connected_p50_ns_median,connected_p95_ns_median,connected_p99_ns_median,base_operations_total_ns_median,base_operations_total_ns_min,base_operations_total_ns_max,setup_ns_median,setup_ns_min,setup_ns_max,query_repeat_p50_ns_median,query_repeat_p50_ns_min,query_repeat_p50_ns_max
fresh,128,chain-split-rejoin-v1,knotrel-core/compact-bfs-v1,9,41,42,83,42,42,84,708,792,833,129623,123211,152371,17000,13333,29000,708,666,750
fresh,128,chain-split-rejoin-v1,knotrel-core/reference-bfs,9,42,83,84,42,83,84,3584,3708,3958,555670,548542,648040,12250,8333,25208,3625,3542,3875
fresh,128,chain-split-rejoin-v1,petgraph-0.8.3/dfs,9,41,42,42,41,42,42,334,417,417,65621,62116,71337,6792,4708,11625,334,333,375
fresh,128,components-join-split-v1,knotrel-core/compact-bfs-v1,9,42,42,42,42,84,84,459,709,833,117043,107237,130028,16833,13167,27667,459,459,500
fresh,128,components-join-split-v1,knotrel-core/reference-bfs,9,42,84,84,42,84,84,1750,6208,6833,628513,574592,776869,12667,11500,26166,1708,1667,1792
fresh,128,components-join-split-v1,petgraph-0.8.3/dfs,9,41,42,42,42,42,83,250,500,542,78255,73955,83495,6625,4125,18375,250,250,292
fresh,128,cycle-alternatives-v1,knotrel-core/compact-bfs-v1,9,42,83,84,42,84,125,500,625,667,189745,172318,213006,19166,12334,27291,500,458,500
fresh,128,cycle-alternatives-v1,knotrel-core/reference-bfs,9,42,84,84,42,84,84,2292,8250,9042,1375650,1315456,1430618,14083,12000,23375,1959,1917,2042
fresh,128,cycle-alternatives-v1,petgraph-0.8.3/dfs,9,42,42,84,42,42,83,333,375,417,118459,98096,135298,6958,5125,15625,292,250,334
fresh,128,hub-alternatives-v1,knotrel-core/compact-bfs-v1,9,42,83,84,42,84,125,500,667,709,331093,305120,351016,24708,17375,40625,500,459,541
fresh,128,hub-alternatives-v1,knotrel-core/reference-bfs,9,42,84,125,42,84,125,4208,6000,6625,2404507,2306473,2531747,21417,15542,35250,4167,3875,4292
fresh,128,hub-alternatives-v1,petgraph-0.8.3/dfs,9,42,167,209,41,42,83,709,1208,1375,478505,423682,527622,27834,21208,37917,708,667,791
fresh,1024,chain-split-rejoin-v1,knotrel-core/compact-bfs-v1,9,42,84,125,83,167,208,4375,4791,5250,742286,698736,845669,148667,125375,177875,4334,4083,5084
fresh,1024,chain-split-rejoin-v1,knotrel-core/reference-bfs,9,83,125,125,83,125,125,39750,45750,51042,6266463,6168963,6306456,115458,108500,132750,39750,39333,42416
fresh,1024,chain-split-rejoin-v1,petgraph-0.8.3/dfs,9,42,83,84,42,42,83,2833,3125,3292,462916,433538,499810,53208,41166,69459,2833,2791,3000
fresh,1024,components-join-split-v1,knotrel-core/compact-bfs-v1,9,42,125,125,125,167,167,2875,4750,5250,636166,621077,687495,154083,131459,182334,2875,2708,2958
fresh,1024,components-join-split-v1,knotrel-core/reference-bfs,9,83,125,167,83,125,166,22750,86583,90875,8386549,8094873,8546791,111250,102583,128291,20250,19500,22208
fresh,1024,components-join-split-v1,petgraph-0.8.3/dfs,9,42,42,83,42,42,84,1917,3708,3792,526045,498961,537726,50333,41417,78000,1917,1792,3000
fresh,1024,cycle-alternatives-v1,knotrel-core/compact-bfs-v1,9,42,84,84,83,125,125,2875,3250,3459,943953,884409,969785,147875,122500,175917,2875,2708,2916
fresh,1024,cycle-alternatives-v1,knotrel-core/reference-bfs,9,83,125,167,83,125,125,30042,92167,97334,15287392,14994927,16339621,117208,104834,145375,25583,24916,27125
fresh,1024,cycle-alternatives-v1,petgraph-0.8.3/dfs,9,42,83,84,42,83,84,1833,2084,2209,588750,525822,616660,53500,45792,75167,1792,1625,1875
fresh,1024,hub-alternatives-v1,knotrel-core/compact-bfs-v1,9,83,166,167,125,167,209,2208,3375,3625,1363286,1287105,1404208,207584,191542,235334,2167,2083,2292
fresh,1024,hub-alternatives-v1,knotrel-core/reference-bfs,9,84,167,208,84,125,167,39333,62958,69250,23424986,22870319,24202357,186625,181000,219041,39042,37875,40250
fresh,1024,hub-alternatives-v1,petgraph-0.8.3/dfs,9,42,1334,1500,42,83,84,5500,8583,9166,3384584,3237334,3430924,956209,887500,1009541,5500,5208,5625
fresh,4096,chain-split-rejoin-v1,knotrel-core/compact-bfs-v1,9,84,167,209,166,209,209,15000,18375,20375,2504255,2386321,3201192,639583,610333,691500,15084,14375,20584
fresh,4096,chain-split-rejoin-v1,knotrel-core/reference-bfs,9,125,208,417,125,167,208,277625,313417,341292,41590414,40479621,42865424,437000,426375,527167,278125,273042,285209
fresh,4096,chain-split-rejoin-v1,petgraph-0.8.3/dfs,9,84,125,167,42,84,125,12458,15584,17625,2076211,1983783,2144090,228042,214625,283250,12541,11834,12708
fresh,4096,components-join-split-v1,knotrel-core/compact-bfs-v1,9,84,125,166,167,250,333,10875,18625,21125,2293335,2250787,2331594,653917,630000,685083,11334,10542,11416
fresh,4096,components-join-split-v1,knotrel-core/reference-bfs,9,125,208,333,125,208,250,138583,365125,390333,38255466,37561541,39583917,463083,454708,525417,130417,124917,140417
fresh,4096,components-join-split-v1,petgraph-0.8.3/dfs,9,83,125,125,83,125,125,9167,14084,15250,2021041,1909627,2328798,232875,217583,284291,8000,7625,12416
fresh,4096,cycle-alternatives-v1,knotrel-core/compact-bfs-v1,9,83,84,125,125,166,167,10917,11834,13042,3429119,3283200,3491542,637167,602334,655000,11084,10542,11208
fresh,4096,cycle-alternatives-v1,knotrel-core/reference-bfs,9,125,167,250,125,167,208,168291,361042,381750,67630582,66541415,68659405,469959,440958,521792,159834,157375,162875
fresh,4096,cycle-alternatives-v1,petgraph-0.8.3/dfs,9,83,125,166,42,84,84,7167,7959,8334,2229591,2140007,2343993,232500,211291,252583,7041,6708,7542
fresh,4096,hub-alternatives-v1,knotrel-core/compact-bfs-v1,9,84,417,459,166,459,500,7416,12333,12541,4657427,4549687,4686412,904250,840583,975625,7416,7292,7459
fresh,4096,hub-alternatives-v1,knotrel-core/reference-bfs,9,125,209,334,125,167,250,202208,410167,440958,134483145,133002746,135573876,762042,717875,827209,195750,189041,203500
fresh,4096,hub-alternatives-v1,petgraph-0.8.3/dfs,9,84,6083,7208,42,84,125,20708,32625,33917,13147586,12993470,13447395,13589417,13451334,14192167,20958,20542,21375
warmed,128,chain-split-rejoin-v1,knotrel-core/compact-bfs-v1,9,41,42,42,42,83,83,708,792,833,129240,126331,139828,13042,10458,23833,708,708,708
warmed,128,chain-split-rejoin-v1,knotrel-core/reference-bfs,9,42,42,42,41,42,83,3875,3959,4000,600042,552346,628881,10084,8042,13375,3875,3583,3916
warmed,128,chain-split-rejoin-v1,petgraph-0.8.3/dfs,9,41,42,42,41,42,42,375,417,500,68415,66912,71951,6375,3375,7375,375,375,375
warmed,128,components-join-split-v1,knotrel-core/compact-bfs-v1,9,42,42,83,42,84,84,500,709,833,113913,110375,124579,14125,10958,17584,500,459,500
warmed,128,components-join-split-v1,knotrel-core/reference-bfs,9,42,83,84,42,83,84,1709,5833,6500,618177,561733,777716,12791,10042,22125,1708,1667,2083
warmed,128,components-join-split-v1,petgraph-0.8.3/dfs,9,41,42,42,41,42,42,250,500,542,75458,75001,89717,5208,3417,7334,250,250,333
warmed,128,cycle-alternatives-v1,knotrel-core/compact-bfs-v1,9,42,42,83,42,84,84,500,584,625,182016,171506,198026,14291,10875,19250,459,458,500
warmed,128,cycle-alternatives-v1,knotrel-core/reference-bfs,9,42,84,84,42,84,84,2084,7959,8541,1308744,1287002,1327256,12208,11750,13583,1917,1875,2000
warmed,128,cycle-alternatives-v1,petgraph-0.8.3/dfs,9,41,42,42,41,42,42,292,334,375,106461,94592,135663,4667,3417,9875,291,250,375
warmed,128,hub-alternatives-v1,knotrel-core/compact-bfs-v1,9,42,83,84,42,84,84,459,625,667,309829,291678,329344,18584,14500,26375,500,458,500
warmed,128,hub-alternatives-v1,knotrel-core/reference-bfs,9,42,84,125,42,84,125,4125,5958,6042,2382867,2280834,2430452,18542,13416,20459,4166,3875,4167
warmed,128,hub-alternatives-v1,petgraph-0.8.3/dfs,9,42,166,208,41,42,42,708,1125,1166,446546,425553,462114,22958,20291,26709,667,667,709
warmed,1024,chain-split-rejoin-v1,knotrel-core/compact-bfs-v1,9,42,84,84,42,84,84,4916,5250,5292,791953,713113,813641,128125,105709,150875,4916,4333,5041
warmed,1024,chain-split-rejoin-v1,knotrel-core/reference-bfs,9,83,125,125,83,125,125,40125,43750,48667,6255758,6103293,6421371,110333,99250,117750,40125,39333,42500
warmed,1024,chain-split-rejoin-v1,petgraph-0.8.3/dfs,9,41,42,42,41,42,42,3000,3125,3334,469493,438372,486299,44042,38167,56334,3000,2792,3041
warmed,1024,components-join-split-v1,knotrel-core/compact-bfs-v1,9,42,84,84,84,125,125,2875,4667,5083,628043,585920,681997,132333,114834,141542,2792,2667,2875
warmed,1024,components-join-split-v1,knotrel-core/reference-bfs,9,83,125,125,83,125,125,22750,85458,90417,8272951,8113462,8475084,103667,100209,110917,19792,19583,20333
warmed,1024,components-join-split-v1,petgraph-0.8.3/dfs,9,41,42,42,42,42,83,1959,3750,3833,535287,526881,538333,45417,38334,60417,1959,1917,2292
warmed,1024,cycle-alternatives-v1,knotrel-core/compact-bfs-v1,9,42,84,84,84,125,167,2791,3167,3500,916222,886089,971282,145250,121458,157625,2709,2667,2875
warmed,1024,cycle-alternatives-v1,knotrel-core/reference-bfs,9,83,125,125,83,125,125,29541,90416,95750,15059469,14584329,15222503,105667,103917,126833,25125,24250,25708
warmed,1024,cycle-alternatives-v1,petgraph-0.8.3/dfs,9,42,42,83,42,42,83,1834,2166,2250,593124,560031,626626,45458,40750,52750,1834,1709,2000
warmed,1024,hub-alternatives-v1,knotrel-core/compact-bfs-v1,9,42,125,167,83,167,208,2250,3375,3417,1377793,1352985,1391643,200250,176500,221083,2209,2208,2291
warmed,1024,hub-alternatives-v1,knotrel-core/reference-bfs,9,84,166,167,84,125,167,39000,62042,67125,23204118,22707759,23659598,182208,172625,186208,38875,37958,39417
warmed,1024,hub-alternatives-v1,petgraph-0.8.3/dfs,9,42,1375,1542,42,42,84,5708,8750,9417,3457648,3310707,3619425,959083,896584,981375,5667,5333,5958
warmed,4096,chain-split-rejoin-v1,knotrel-core/compact-bfs-v1,9,83,125,209,125,167,208,17375,20208,22166,2933043,2380639,3113470,658917,611750,683542,17000,14708,19542
warmed,4096,chain-split-rejoin-v1,knotrel-core/reference-bfs,9,125,166,250,125,167,167,276541,306000,326042,41164001,39997376,45706245,444208,428375,477541,276625,270458,304166
warmed,4096,chain-split-rejoin-v1,petgraph-0.8.3/dfs,9,83,125,125,42,84,125,12625,15875,17458,2114417,2078824,2234667,234208,225083,243750,12708,12000,13458
warmed,4096,components-join-split-v1,knotrel-core/compact-bfs-v1,9,83,125,166,167,250,250,10750,18125,20250,2282701,2117472,2350129,631958,581000,670542,11125,10458,11500
warmed,4096,components-join-split-v1,knotrel-core/reference-bfs,9,125,167,250,125,208,209,135750,364500,394875,38172538,37170077,40427502,459750,431500,518459,126625,121917,135167
warmed,4096,components-join-split-v1,petgraph-0.8.3/dfs,9,83,125,125,83,125,166,9209,14083,15084,2024953,1998801,2048471,224583,215416,229416,8458,7667,12417
warmed,4096,cycle-alternatives-v1,knotrel-core/compact-bfs-v1,9,83,84,125,125,167,167,10667,11708,13459,3364047,3242876,3443549,619792,590708,673666,10708,10375,10792
warmed,4096,cycle-alternatives-v1,knotrel-core/reference-bfs,9,125,167,208,125,167,167,167125,356459,380458,67278389,66285994,68299967,454541,429375,498875,159791,157917,162167
warmed,4096,cycle-alternatives-v1,petgraph-0.8.3/dfs,9,42,84,125,42,84,84,6917,10459,10792,2453544,2162377,2501632,226958,222625,231666,6875,6833,7334
warmed,4096,hub-alternatives-v1,knotrel-core/compact-bfs-v1,9,83,416,459,166,459,500,7375,12375,12625,4677791,4564194,5409129,908000,830917,919083,7458,7333,8041
warmed,4096,hub-alternatives-v1,knotrel-core/reference-bfs,9,125,209,292,125,167,209,200167,410667,444750,133963757,133112117,143902491,770250,717500,791000,195625,190584,210125
warmed,4096,hub-alternatives-v1,petgraph-0.8.3/dfs,9,84,6125,7041,42,84,125,20917,32792,33958,13170126,13017362,13409959,13628292,13408667,14050541,21125,20708,21625
