name,nodes,query_percent,workload,trial,regime,engine,peak_process_rss_bytes,setup_ns,workload_wall_ns,base_operations_total_ns,cut_count,cut_total_ns,cut_p50_ns,cut_p95_ns,cut_p99_ns,cut_max_ns,link_count,link_total_ns,link_p50_ns,link_p95_ns,link_p99_ns,link_max_ns,connected_count,connected_total_ns,connected_p50_ns,connected_p95_ns,connected_p99_ns,connected_max_ns,query_true_count,query_true_total_ns,query_true_p50_ns,query_true_p95_ns,query_true_p99_ns,query_true_max_ns,query_false_count,query_false_total_ns,query_false_p50_ns,query_false_p95_ns,query_false_p99_ns,query_false_max_ns,repeated_queries_count,repeated_queries_total_ns,repeated_queries_p50_ns,repeated_queries_p95_ns,repeated_queries_p99_ns,repeated_queries_max_ns,tree_cuts,scanned_vertices,candidate_edges,replacements,hdt_tree_cuts,hdt_candidate_edges,hdt_replacements,hdt_tree_promotions,hdt_non_tree_promotions,hdt_levels_visited
redundant-bridge-churn-v1-n512-q99-fresh-p0-ett-scan,512,99,redundant-bridge-churn-v1,0,fresh,ett-scan,12795904,15941833,6372000,6137073,11,5919084,740833,967958,967958,967958,9,12333,1125,2958,2958,2958,1980,205656,84,166,250,1209,1641,167234,84,125,250,625,339,38422,84,167,375,1209,1980,143491,83,125,125,250,7,1785,453390,0,,,,,,
dense-bridge-churn-v1-n512-q50-warmed-p0-petgraph-dfs,512,50,dense-bridge-churn-v1,0,warmed,petgraph-dfs,8437760,18918125,385247500,193024766,500,13786,41,42,84,625,500,249138,459,583,708,4542,1000,192761842,231083,392208,453542,536500,747,128411299,137084,401750,477209,536500,253,64350543,252375,284750,305250,313458,1000,192147826,230917,389375,457500,519416,,,,,,,,,,
redundant-bridge-churn-v1-n512-q50-fresh-p0-ett-scan,512,50,redundant-bridge-churn-v1,0,fresh,ett-scan,12746752,15758416,234959125,234804606,501,234352456,751625,793709,859042,1061792,499,267321,208,1208,2166,3291,1000,184829,125,500,917,1333,877,156166,125,500,875,1250,123,28663,166,625,1291,1333,1000,80959,83,125,125,208,376,78354,19884538,148,,,,,,
redundant-bridge-churn-v1-n512-q50-warmed-p0-hdt,512,50,redundant-bridge-churn-v1,0,warmed,hdt,15368192,14549791,8247084,8105820,501,7781754,667,1708,1750,7380250,499,220258,167,959,1000,1459,1000,103808,84,166,167,333,877,92810,125,166,167,333,123,10998,83,125,125,125,1000,75942,83,125,125,167,,,,,376,32533,148,255,32385,376
redundant-bridge-churn-v1-n512-q99-fresh-p0-petgraph-dfs,512,99,redundant-bridge-churn-v1,0,fresh,petgraph-dfs,8437760,19297792,754118625,377469599,11,2042,167,417,417,417,9,5207,542,792,792,792,1980,377462350,193791,399833,443292,759250,1641,293162548,144583,405666,446750,759250,339,84299802,250666,271584,280834,292125,1980,376550771,192750,400833,442666,480292,,,,,,,,,,
redundant-bridge-churn-v1-n512-q50-fresh-p0-hdt,512,50,redundant-bridge-churn-v1,0,fresh,hdt,15286272,15000750,8625500,8492384,501,8178387,625,1625,1709,7796334,499,210249,167,916,959,1792,1000,103748,84,125,167,542,877,92379,84,166,167,542,123,11369,83,125,166,166,1000,72157,83,125,125,167,,,,,376,32533,148,255,32385,376
dense-bridge-churn-v1-n512-q99-warmed-p0-ett-scan,512,99,dense-bridge-churn-v1,0,warmed,ett-scan,12795904,13995333,8111292,7873081,10,7671502,762375,801584,801584,801584,10,8124,750,1125,1125,1125,1980,193455,84,125,167,209,1472,140997,84,125,167,208,508,52458,84,166,167,209,1980,155225,83,125,125,125,10,2550,647700,0,,,,,,
dense-bridge-churn-v1-n512-q50-warmed-p0-ett-scan,512,50,dense-bridge-churn-v1,0,warmed,ett-scan,12795904,14383042,376039500,375891371,500,375287278,755917,788042,804000,897292,500,395380,791,875,1292,2791,1000,208713,125,583,1042,1541,747,145172,125,541,1000,1291,253,63541,167,667,1375,1541,1000,75442,83,125,125,167,500,127500,32385000,0,,,,,,
dense-bridge-churn-v1-n512-q99-fresh-p0-hdt,512,99,dense-bridge-churn-v1,0,fresh,hdt,15204352,15127917,8089375,7837466,10,7638002,667,7631375,7631375,7631375,10,8042,708,1708,1708,1708,1980,191422,84,125,167,584,1472,142013,84,125,167,333,508,49409,83,125,291,584,1980,164633,83,125,125,167,,,,,10,32385,0,255,32385,10
redundant-bridge-churn-v1-n512-q50-warmed-p0-compact-bfs,512,50,redundant-bridge-churn-v1,0,warmed,compact-bfs,8273920,4548459,37742750,18890919,501,35787,83,84,125,209,499,44233,83,125,125,167,1000,18810899,792,37417,40792,44333,877,14249228,541,37417,41250,44333,123,4561671,37042,37500,39041,40125,1000,18784098,875,37333,41666,47458,,,,,,,,,,
dense-bridge-churn-v1-n512-q99-fresh-p0-compact-bfs,512,99,dense-bridge-churn-v1,0,fresh,compact-bfs,8323072,4558791,73636834,36800532,10,1791,125,375,375,375,10,2499,166,708,708,708,1980,36796242,34167,37250,41417,47208,1472,18357568,500,37166,40042,47208,508,18438674,36750,38042,41667,46000,1980,36715220,34166,37208,40666,48208,,,,,,,,,,
redundant-bridge-churn-v1-n512-q50-fresh-p0-petgraph-dfs,512,50,redundant-bridge-churn-v1,0,fresh,petgraph-dfs,8437760,19295083,412761459,206446014,501,15455,41,42,125,333,499,246704,500,542,708,958,1000,206183855,231709,414708,459792,483958,877,174927312,169208,421166,461833,483958,123,31256543,252666,276875,286667,301833,1000,206238597,232334,413334,461500,486750,,,,,,,,,,
redundant-bridge-churn-v1-n512-q99-warmed-p0-compact-bfs,512,99,redundant-bridge-churn-v1,0,warmed,compact-bfs,8323072,4363584,73865625,36866445,11,1750,125,291,291,291,9,2627,167,1083,1083,1083,1980,36862068,34125,37792,40875,45375,1641,24437944,542,37291,40500,45375,339,12424124,36875,39000,41291,43916,1980,36902400,34125,37583,42500,90500,,,,,,,,,,
redundant-bridge-churn-v1-n512-q50-warmed-p0-ett-scan,512,50,redundant-bridge-churn-v1,0,warmed,ett-scan,12779520,14176042,232245916,232100376,501,231722923,751709,773583,802958,826000,499,244125,167,1083,1291,2167,1000,133328,125,208,292,667,877,115037,125,208,292,542,123,18291,125,209,542,667,1000,78153,83,125,125,208,376,78354,19884538,148,,,,,,
redundant-bridge-churn-v1-n512-q99-fresh-p0-compact-bfs,512,99,redundant-bridge-churn-v1,0,fresh,compact-bfs,8372224,4547375,73820250,36901295,11,1667,125,292,292,292,9,1667,166,417,417,417,1980,36897961,34167,37292,40666,48333,1641,24444339,500,37250,39916,48333,339,12453622,36834,37459,40791,45042,1980,36797028,34208,37250,39167,46916,,,,,,,,,,
dense-bridge-churn-v1-n512-q99-warmed-p0-compact-bfs,512,99,dense-bridge-churn-v1,0,warmed,compact-bfs,8290304,4707375,74592333,37302660,10,1542,125,375,375,375,10,1542,125,292,292,292,1980,37299576,34125,38167,40875,68834,1472,18539875,500,37459,40334,66917,508,18759701,36958,38875,42625,68834,1980,37200543,34125,38042,41292,48250,,,,,,,,,,
redundant-bridge-churn-v1-n512-q99-warmed-p0-ett-scan,512,99,redundant-bridge-churn-v1,0,warmed,ett-scan,12861440,14194333,5678792,5459875,11,5283832,711000,899708,899708,899708,9,6417,750,1709,1709,1709,1980,169626,83,125,167,291,1641,140054,83,125,167,291,339,29572,83,125,167,291,1980,137782,83,125,125,167,7,1785,453390,0,,,,,,
dense-bridge-churn-v1-n512-q50-fresh-p0-petgraph-dfs,512,50,dense-bridge-churn-v1,0,fresh,petgraph-dfs,8290304,19192250,376486500,188559594,500,14575,41,42,250,917,500,239551,459,583,667,750,1000,188305468,229916,378750,442167,561084,747,124837004,133083,389333,446708,561084,253,63468464,251667,272375,290334,312167,1000,187852154,229792,380708,436625,472125,,,,,,,,,,
redundant-bridge-churn-v1-n512-q50-warmed-p0-petgraph-dfs,512,50,redundant-bridge-churn-v1,0,warmed,petgraph-dfs,8372224,18935125,395111166,197587532,501,14618,41,42,83,208,499,238525,459,541,584,1125,1000,197334389,231000,400833,437958,450333,877,167472435,162209,404958,438417,450333,123,29861954,240917,256042,273292,285417,1000,197457998,230500,399959,436875,467750,,,,,,,,,,
dense-bridge-churn-v1-n512-q99-fresh-p0-ett-scan,512,99,dense-bridge-churn-v1,0,fresh,ett-scan,12779520,14926625,8122667,7876587,10,7679705,754791,861583,861583,861583,10,7791,750,1125,1125,1125,1980,189091,84,125,125,416,1472,139249,84,125,125,167,508,49842,84,125,166,416,1980,158796,83,125,125,167,10,2550,647700,0,,,,,,
dense-bridge-churn-v1-n512-q50-fresh-p0-ett-scan,512,50,dense-bridge-churn-v1,0,fresh,ett-scan,12779520,14827000,374388458,374232959,500,373676911,754500,773125,801292,890459,500,387723,750,834,1125,2500,1000,168325,125,416,625,3917,747,122704,125,417,625,3917,253,45621,166,416,625,916,1000,82204,83,125,125,167,500,127500,32385000,0,,,,,,
dense-bridge-churn-v1-n512-q99-fresh-p0-petgraph-dfs,512,99,dense-bridge-churn-v1,0,fresh,petgraph-dfs,8323072,19236167,733169292,366933299,10,3461,250,917,917,917,10,6624,625,875,875,875,1980,366923214,229458,386167,433750,534291,1472,239877720,127250,397667,445875,534291,508,127045494,251125,275958,292083,325792,1980,366126488,229417,386375,432792,469333,,,,,,,,,,
dense-bridge-churn-v1-n512-q99-warmed-p0-petgraph-dfs,512,99,dense-bridge-churn-v1,0,warmed,petgraph-dfs,8437760,18883458,819151042,406488050,10,2833,208,500,500,500,10,7749,791,1458,1458,1458,1980,406477468,230375,431834,546250,4631041,1472,266819791,134417,443875,516500,4631041,508,139657677,253125,315292,583208,3218833,1980,412537880,230666,423250,525792,5383541,,,,,,,,,,
dense-bridge-churn-v1-n512-q50-fresh-p0-hdt,512,50,dense-bridge-churn-v1,0,fresh,hdt,15237120,16316250,9616000,9471945,500,9020169,666,708,792,8694250,500,338461,667,709,750,4083,1000,113315,84,167,375,2291,747,82952,125,167,292,834,253,30363,83,333,541,2291,1000,80452,83,125,125,167,,,,,500,32385,0,255,32385,500
redundant-bridge-churn-v1-n512-q99-warmed-p0-petgraph-dfs,512,99,redundant-bridge-churn-v1,0,warmed,petgraph-dfs,8290304,19015084,761443375,381120619,11,4459,375,1042,1042,1042,9,6875,750,1083,1083,1083,1980,381109285,193500,403333,447000,695958,1641,293820160,144291,409334,443958,613625,339,87289125,250625,287166,483292,695958,1980,380214285,195000,402750,443833,693500,,,,,,,,,,
dense-bridge-churn-v1-n512-q50-warmed-p0-compact-bfs,512,50,dense-bridge-churn-v1,0,warmed,compact-bfs,8306688,4563542,37423250,18749944,500,35456,83,84,125,291,500,43614,83,125,125,209,1000,18670874,34167,37250,40584,46042,747,9354956,500,37167,39958,46042,253,9315918,36917,38500,41083,44166,1000,18605956,34167,37167,40500,44125,,,,,,,,,,
redundant-bridge-churn-v1-n512-q99-fresh-p0-hdt,512,99,redundant-bridge-churn-v1,0,fresh,hdt,15237120,15342000,8284833,8055467,11,7843042,750,7836042,7836042,7836042,9,8040,708,3042,3042,3042,1980,204385,84,166,250,667,1641,169080,84,166,250,583,339,35305,84,166,209,667,1980,143758,83,125,125,375,,,,,7,32385,0,255,32385,7
redundant-bridge-churn-v1-n512-q99-warmed-p0-hdt,512,99,redundant-bridge-churn-v1,0,warmed,hdt,15384576,14539542,7942875,7704719,11,7502626,667,7496625,7496625,7496625,9,6042,708,1542,1542,1542,1980,196051,84,125,209,542,1641,164425,84,125,250,542,339,31626,84,125,167,209,1980,153608,83,125,125,167,,,,,7,32385,0,255,32385,7
redundant-bridge-churn-v1-n512-q50-fresh-p0-compact-bfs,512,50,redundant-bridge-churn-v1,0,fresh,compact-bfs,8388608,5233625,54953458,25221880,501,104371,83,458,1166,17542,499,149866,125,708,7417,22875,1000,24967643,23000,62166,138042,451041,877,18787351,1125,57750,108041,451041,123,6180292,39000,117541,160042,167417,1000,29624713,18292,66750,187084,3023209,,,,,,,,,,
dense-bridge-churn-v1-n512-q99-warmed-p0-hdt,512,99,dense-bridge-churn-v1,0,warmed,hdt,15384576,15298084,8440959,8199696,10,7994293,667,7987625,7987625,7987625,10,8460,708,1917,1917,1917,1980,196943,84,125,250,1041,1472,144233,84,125,167,666,508,52710,84,167,375,1041,1980,157849,83,125,125,167,,,,,10,32385,0,255,32385,10
dense-bridge-churn-v1-n512-q50-fresh-p0-compact-bfs,512,50,dense-bridge-churn-v1,0,fresh,compact-bfs,8323072,5396833,39738542,19768938,500,35947,42,125,292,1416,500,64453,83,125,500,12083,1000,19668538,36541,40125,55042,191084,747,10017120,500,39250,59750,191084,253,9651418,37250,41333,55042,60667,1000,19890755,36542,40125,68250,194667,,,,,,,,,,
dense-bridge-churn-v1-n512-q50-warmed-p0-hdt,512,50,dense-bridge-churn-v1,0,warmed,hdt,15335424,15251417,8910542,8767575,500,8323042,625,667,709,8010083,500,332194,666,708,791,2916,1000,112339,84,208,416,1250,747,81847,84,167,334,708,253,30492,84,333,625,1250,1000,78904,83,125,125,209,,,,,500,32385,0,255,32385,500
